"Id";"Designator";"Package";"Quantity";"Designation";"Supplier and ref";
1;"J1,J3";"2 pin 2.54mm screw terminal OSTVN02A150";2;"Screw_Terminal_01x02";;;
2;"C20,C19,C3,C2,C1,C15,C13";"C_0603_1608Metric_Pad1.05x0.95mm_HandSolder";7;"100nF";;;
3;"J6";"JST_PH_B2B-PH-K_1x02_P2.00mm_Vertical";1;"Conn_01x02_Male";;;
4;"D4";"D_SMB_Handsoldering";1;"D_Small";;;
5;"R17,R14,R7,R13,R6,R4,R2,R1,R5";"R_0603_1608Metric_Pad1.05x0.95mm_HandSolder";9;"10k";;;
6;"SW3";"DIP Switch CHS-01TA";1;"SW_DIP_x01";;;
7;"SW2";"JST_PH_B2B-PH-K_1x02_P2.00mm_Vertical";1;"SW_SPDT";;;
8;"U1";"XBee_SMD";1;"XBee";;;
9;"MH1,MH2,MH4,MH3";"MountingHole_3.2mm_M3";4;"MountingHole";;;
10;"C17,C18,C7";"C_0603_1608Metric_Pad1.05x0.95mm_HandSolder";3;"47pF";;;
11;"R15,R16";"R_0603_1608Metric_Pad1.05x0.95mm_HandSolder";2;"220";;;
12;"Q4,Q1,Q2,Q3";"NFET Toshiba SSM3K339R";4;"Q_NJFET_GSD";;;
13;"J5";"PinHeader_2x03_P1.27mm_Vertical";1;"Conn_02x03_Odd_Even";;;
14;"BZ1";"Buzzer_12x9.5RM7.6";1;"Buzzer";;;
15;"C10,C8,C5";"C_0603_1608Metric_Pad1.05x0.95mm_HandSolder";3;"10uF";;;
16;"C4,C16";"C_0603_1608Metric_Pad1.05x0.95mm_HandSolder";2;"4.7uF";;;
17;"C14";"C_0603_1608Metric_Pad1.05x0.95mm_HandSolder";1;"15pF";;;
18;"C12";"C_0603_1608Metric_Pad1.05x0.95mm_HandSolder";1;"C_Small";;;
19;"C11,C6";"C_0603_1608Metric_Pad1.05x0.95mm_HandSolder";2;"1uF";;;
20;"C9";"C_0603_1608Metric_Pad1.05x0.95mm_HandSolder";1;"22uF";;;
21;"SW1";"JST_EH_B03B-EH-A_1x03_P2.50mm_Vertical";1;"SW_SPDT";;;
22;"J2";"USB_Micro-B_Amphenol_10103594-0001LF_Horizontal";1;"USB_B_Micro";;;
23;"D3";"D_SOD-323";1;"D";;;
24;"L1";"L_1210_3225Metric_Pad1.42x2.65mm_HandSolder";1;"10uH";;;
25;"L2";"L_1210_3225Metric_Pad1.42x2.65mm_HandSolder";1;"4.7uH";;;
26;"L3";"L_1210_3225Metric_Pad1.42x2.65mm_HandSolder";1;"27nH";;;
27;"D2,D1";"LED_0603_1608Metric_Pad1.05x0.95mm_HandSolder";2;"LED";;;
28;"U3";"SSOP-16_3.9x4.9mm_P0.635mm";1;"FT230XS";;;
29;"R12";"R_0603_1608Metric_Pad1.05x0.95mm_HandSolder";1;"49.9k";;;
30;"R11";"R_0603_1608Metric_Pad1.05x0.95mm_HandSolder";1;"432k";;;
31;"R10";"R_0603_1608Metric_Pad1.05x0.95mm_HandSolder";1;"R_Small";;;
32;"R9,R8";"R_0603_1608Metric_Pad1.05x0.95mm_HandSolder";2;"27";;;
33;"R3";"R_0603_1608Metric_Pad1.05x0.95mm_HandSolder";1;"47k";;;
34;"U4";"10-pin FP TPS62056DGSR";1;"IC_REG_BCK_3.3V";;;
35;"BT1,BT2";"CR123A Battery Holder";2;"Battery";;;
36;"U5";"IC REG BOOST SC4503TSKTRT";1;"IC_REG_BOOST_ADJ_1.4A";;;
37;"U2";"TQFP-44_10x10mm_P0.8mm";1;"ATxmega128A4U-AU";;;
